统计时间,dR_t,tb_t,fdi_t,val_t,resid_t
2015-01,-0.029603999999999964,0.0496,,-4.6749455064996675e-18,0.07920399999999997
2015-02,-0.011911000000000005,0.06002999999999999,,6.207347666356812e-18,0.071941
2015-03,-0.07146500000000033,0.0606,,-3.8885436653956794e-19,0.13206500000000032
2015-04,0.01810400000000012,0.0030800000000000003,,7.875512129096413e-19,-0.01502400000000012
2015-05,-0.03699899999999978,0.03413,,3.847527052043815e-19,0.07112899999999978
2015-06,-0.017304999999999904,0.059489999999999994,,1.0798509516845991e-18,0.07679499999999989
2015-07,-0.0425279999999999,0.04654,,-3.635280193725428e-19,0.0890679999999999
2015-08,-0.09392900000000015,0.04303,,4.206951712085178e-20,0.13695900000000016
2015-09,-0.043261000000000216,0.060239999999999995,,-4.664207690840254e-19,0.1035010000000002
2015-10,0.01138700000000048,0.06034,,4.0523369081495683e-19,0.04895299999999952
2015-11,-0.08722300000000072,0.06164,,1.657831318250836e-19,0.14886300000000072
2015-12,-0.10792199999999941,0.0541,,1.7772332170606688e-19,0.16202199999999942
2016-01,-0.09946900000000003,0.06009,,-8.233887308343736e-19,0.15955900000000003
2016-02,-0.028572000000000042,0.06329,,-8.493100573663326e-19,0.09186200000000004
2016-03,0.010258000000000322,0.03259,,2.2942358504217806e-19,0.02233199999999968
2016-04,0.007088999999999679,0.02986,,2.796188844340679e-19,0.022771000000000322
2016-05,-0.027931999999999846,0.04556,,5.917750263945825e-20,0.07349199999999985
2016-06,0.013425999999999938,0.049980000000000004,,-1.6840716191680695e-18,0.036554000000000066
2016-07,-0.004105000000000025,0.04811,,-2.5225899279221087e-19,0.052215000000000025
2016-08,-0.015890000000000182,0.05231,,1.0737922393602888e-18,0.06820000000000018
2016-09,-0.01878499999999983,0.05205,,1.3171208141502192e-19,0.07083499999999983
2016-10,-0.045727000000000295,0.04199,,1.5531445264167393e-18,0.0877170000000003
2016-11,-0.06905699999999992,0.04906,,1.6680171402127772e-18,0.11811699999999992
2016-12,-0.041081000000000145,0.044610000000000004,,-3.3027195722705456e-20,0.08569100000000016
2017-01,-0.012312999999999796,0.04082,,1.5574040729603565e-21,0.0531329999999998
2017-02,0.006920000000000481,0.05135,,3.103637226613577e-20,0.04442999999999952
2017-03,0.0039639999999998565,-0.00915,,-1.607837137825636e-20,-0.013113999999999857
2017-04,0.020445000000000046,0.02392,,4.069051639324977e-20,0.003474999999999954
2017-05,0.024033999999999445,0.03805,,3.686309323950999e-20,0.014016000000000556
2017-06,0.003222000000000058,0.04081,,-5.358654226624863e-20,0.03758799999999994
2017-07,0.023931000000000147,0.042769999999999996,,5.3912971934985354e-21,0.01883899999999985
2017-08,0.010807000000000233,0.04674,,7.939400340296897e-20,0.035932999999999764
2017-09,0.01698299999999975,0.04199,,-1.2711265162356122e-19,0.02500700000000025
2017-10,0.0007030000000001202,0.02847,,-1.6492339493772667e-20,0.02776699999999988
2017-11,0.01006399999999985,0.038169999999999996,,-1.1527191244929916e-20,0.028106000000000145
2017-12,0.020672000000000246,0.04021,,6.302933855232284e-21,0.019537999999999757
2018-01,0.02150799999999986,0.054689999999999996,,-8.865483594661025e-20,0.033182000000000135
2018-02,-0.026975000000000193,0.02034,,-1.4713467193249647e-20,0.04731500000000019
2018-03,0.008338000000000179,0.03374,,8.640997729254125e-21,0.02540199999999982
2018-04,-0.017967999999999762,-0.00498,,-1.775615117325289e-20,0.012987999999999762
2018-05,-0.01422900000000027,0.02878,,5.481379756181318e-21,0.04300900000000027
2018-06,0.0015060000000000073,0.024919999999999998,,-1.5386432467577255e-21,0.02341399999999999
2018-07,0.005816999999999961,0.04161,,-6.278747905122717e-21,0.03579300000000004
2018-08,-0.008229999999999738,0.02805,,4.079875239023497e-21,0.036279999999999736
2018-09,-0.022691000000000017,0.02791,,-9.600007077397265e-21,0.05060100000000002
2018-10,-0.03392700000000026,0.031689999999999996,,-3.0217453059135086e-21,0.06561700000000026
2018-11,0.008599000000000245,0.03402,,3.3384971615591335e-21,0.025420999999999756
2018-12,0.011014999999999997,0.044739999999999995,,9.964343192314329e-21,0.033725
2019-01,0.015212000000000003,0.05706,,3.3751240256424513e-21,0.041847999999999996
2019-02,0.0022560000000000358,0.03916,,-5.9002097998266766e-21,0.036903999999999965
2019-03,0.00858099999999995,0.00412,,1.4758738265569332e-20,-0.004460999999999949
2019-04,-0.0038080000000002556,0.03265,,-7.8121294311824e-21,0.036458000000000254
2019-05,0.006051000000000251,0.01384,,2.2435937047753167e-20,0.007788999999999749
2019-06,0.01822999999999997,0.04165,,1.5794181655855384e-20,0.02342000000000003
2019-07,-0.015537000000000134,0.050980000000000004,,-2.7720716745979176e-21,0.06651700000000013
2019-08,0.00347900000000001,0.04506,,7.045333254552816e-20,0.04158099999999999
2019-09,-0.014745000000000008,0.03483,,-5.16376266215898e-20,0.04957500000000001
2019-10,0.012729999999999908,0.03965,,-1.1171515295746907e-21,0.02692000000000009
2019-11,-0.009569999999999634,0.04281,,-1.5872839301957696e-20,0.052379999999999635
2019-12,0.012332999999999927,0.03873,,-1.8988641540267143e-20,0.026397000000000073
2020-01,0.00757299999999983,0.04679,,4.1141629758538025e-20,0.03921700000000017
2020-02,-0.008779000000000092,0.03916,,7.027761580844994e-20,0.04793900000000009
2020-03,-0.04608499999999971,-0.007090000000000001,,1.4286696058751612e-19,0.03899499999999971
2020-04,0.030825999999999798,0.01993,,4.1095343612937015e-20,-0.010895999999999798
2020-05,0.010232999999999937,0.04534,,-6.537125599470149e-21,0.03510700000000006
2020-06,0.010635999999999868,0.06293,,-4.650042606103812e-21,0.05229400000000013
2020-07,0.042063000000000184,0.046419999999999996,,8.305244501098608e-20,0.004356999999999812
2020-08,0.01021800000000006,0.062329999999999997,,-1.4673110140154486e-19,0.052111999999999936
2020-09,-0.02204700000000015,0.058929999999999996,,1.5747979801778127e-20,0.08097700000000015
2020-10,-0.014580000000000037,0.037,,-1.123942641695347e-19,0.051580000000000036
2020-11,0.05050800000000022,0.05844,,1.3772735808721035e-20,0.00793199999999978
2020-12,0.03803200000000029,0.07542,,-3.2705801128758726e-20,0.03738799999999971
2021-01,-0.005851000000000273,0.07817,,-5.760216305549661e-20,0.08402100000000028
2021-02,-0.005677000000000376,,,-6.66178446964936e-20,
2021-03,-0.03496499999999969,0.10325,,-1.779750637398662e-20,0.1382149999999997
2021-04,0.028150999999999815,0.0138,,2.0140045705245234e-21,-0.014350999999999815
2021-05,0.02362300000000017,0.04286,,1.9947013747859947e-21,0.01923699999999983
2021-06,-0.007792999999999939,0.04553,,3.677638682099006e-21,0.05332299999999994
2021-07,0.0218799999999999,0.05152999999999999,,7.961353406677287e-21,0.029650000000000093
2021-08,-0.003773999999999944,0.05658,,-3.259330247337547e-21,0.06035399999999994
2021-09,-0.03149000000000024,0.058339999999999996,,-1.053727890337635e-20,0.08983000000000024
2021-10,0.016988000000000003,0.06676,,-7.139999727956354e-22,0.049772
2021-11,0.0047720000000004426,0.08454,,2.870386022980277e-21,0.07976799999999956
2021-12,0.027779999999999916,0.07172,,-2.6275295079406632e-21,0.04394000000000009
2022-01,-0.02853400000000006,0.09446,,-6.599356169181945e-21,0.12299400000000006
2022-02,-0.00780499999999984,,,-3.6223867764576327e-22,
2022-03,-0.02583300000000044,0.11595,,-4.7606686692943144e-21,0.14178300000000044
2022-04,-0.06827399999999972,0.04738,,1.5563906667258404e-22,0.11565399999999973
2022-05,0.008059999999999956,0.05112,,2.0910276858553e-24,0.04306000000000004
2022-06,-0.056508,0.07876,,-8.081478805617867e-24,0.135268
2022-07,0.0327989999999998,0.09794,,1.3680221137739962e-23,0.0651410000000002
2022-08,-0.049190999999999985,0.10126,,-3.545972020874894e-23,0.150451
2022-09,-0.025924999999999976,0.07939,,9.260183364115231e-25,0.10531499999999998
2022-10,0.02347200000000038,0.08474,,-1.6337154365054307e-25,0.061267999999999614
2022-11,0.06506100000000004,0.08515,,1.0831683094262625e-25,0.020088999999999968
2022-12,0.01020299999999974,0.06984,,-9.343961791985765e-26,0.05963700000000026
2023-01,0.056770999999999905,0.078,,1.0390461845539537e-25,0.021229000000000095
2023-02,-0.05130899999999983,,,-2.041601339696237e-25,
2023-03,0.05071899999999996,0.11688,,3.2478655667083297e-26,0.06616100000000004
2023-04,0.020893999999999746,0.08819,,5.590497938947835e-27,0.06729600000000026
2023-05,-0.028257999999999672,0.09021,,-3.1138452635769733e-26,0.11846799999999967
2023-06,0.01648999999999967,0.06581000000000001,,-1.5198494096651183e-26,0.049320000000000336
2023-07,0.011272000000000393,0.07062,,-8.5917117654069e-27,0.05934799999999961
2023-08,-0.0441720000000001,0.0806,,-4.590437006651254e-27,0.1247720000000001
2023-09,-0.045027999999999846,0.06836,,-1.3921252226969862e-26,0.11338799999999985
2023-10,-0.013846000000000025,0.07771,,4.653932217710583e-28,0.09155600000000003
2023-11,0.07058299999999962,0.05653,,-3.365227809046621e-28,-0.014052999999999621
2023-12,0.06617000000000006,0.06838999999999999,,-6.679004104316521e-28,0.0022199999999999304
2024-01,-0.0186569999999997,0.07534,,3.0832683552962048e-28,0.0939969999999997
2024-02,0.006496999999999531,,,5.513375374414891e-28,
2024-03,0.019840000000000302,0.12516,,-5.423253440579976e-29,0.10531999999999969
2024-04,-0.04482600000000003,0.05855,,5.237342335907805e-28,0.10337600000000002
2024-05,0.031207999999999902,0.07235,,5.2254323607068116e-30,0.041142000000000095
2024-06,-0.009680999999999607,0.08262,,5.9330879516188855e-30,0.0923009999999996
2024-07,0.03401399999999999,0.09905,,1.4388155823508352e-29,0.06503600000000001
2024-08,0.031842999999999844,0.08465,,1.5113098266061686e-29,0.05280700000000016
2024-09,0.02815199999999951,0.09102,,1.1943941237728603e-29,0.06286800000000049
2024-10,-0.055316999999999616,0.08171,,-6.531816956043933e-29,0.13702699999999962
2024-11,0.004809999999999981,0.09527000000000001,,1.9939454065511e-31,0.09046000000000003
2024-12,-0.06350299999999987,0.09744,,-1.0043709835695263e-30,0.16094299999999986
2025-01,0.0066790000000001015,0.10484,,2.3916923563602998e-33,0.0981609999999999
2025-02,0.01818799999999987,,,1.3445043147615286e-31,
2025-03,0.013441000000000258,0.17052,,1.1964457337784866e-32,0.15707899999999975
2025-04,0.04099699999999995,0.10264000000000001,,4.425417424563876e-32,0.06164300000000006
2025-05,0.0035929999999999573,0.09618,,-1.897699334733302e-31,0.09258700000000004
2025-06,0.032166999999999835,0.10322,,6.774912275300743e-32,0.07105300000000017
2025-07,-0.025187000000000292,0.11477000000000001,,-7.012207421250754e-32,0.1399570000000003
2025-08,0.029919000000000473,0.09824,,5.679988247427301e-32,0.06832099999999952
2025-09,0.016503999999999852,,,3.9748527469733827e-32,
2025-10,0.004684999999999828,,,3.1139606999105623e-32,
2025-11,0.0030290000000001704,,,6.272310960566234e-32,
2025-12,0.011497000000000313,,,-1.2459449693291131e-31,
2026-01,0.041208999999999385,,,-3.6999293817762566e-32,
2026-02,0.028729000000000227,,,1.3452431740677123e-31,
2026-03,-0.08568399999999965,,,-2.490143136785339e-31,
2026-04,0.06842399999999982,,,-2.116226288449596e-32,
2026-05,0.03169099999999947,,,-8.378691271608532e-33,
2026-06,-0.025975999999999555,,,1.6484905514979456e-34,
2026-07,0.0025140000000001272,,,-4.635332311115292e-32,
2026-08,0.019548999999999594,,,3.9354822462352414e-34,
