date,usdcny
2018-01-01,6.5067
2018-01-02,6.4935
2018-01-03,6.5012
2018-01-04,6.4935
2018-01-05,6.4878
2018-01-08,6.4998
2018-01-09,6.5315
2018-01-10,6.509
2018-01-11,6.499
2018-01-12,6.462
2018-01-15,6.4369
2018-01-16,6.4426
2018-01-17,6.4333
2018-01-18,6.4201
2018-01-19,6.404
2018-01-22,6.405
2018-01-23,6.413
2018-01-24,6.37
2018-01-25,6.3238
2018-01-26,6.3201
2018-01-29,6.3375
2018-01-30,6.324
2018-01-31,6.29
2018-02-01,6.298
2018-02-02,6.3028
2018-02-05,6.29
2018-02-06,6.2836
2018-02-07,6.2695
2018-02-08,6.327
2018-02-09,6.2969
2018-02-12,6.3285
2018-02-13,6.344
2018-02-14,6.3449
2018-02-15,6.3482
2018-02-16,6.3482
2018-02-19,6.3482
2018-02-20,6.3482
2018-02-21,6.3482
2018-02-22,6.35
2018-02-23,6.3381
2018-02-26,6.316
2018-02-27,6.3157
2018-02-28,6.3263
2018-03-01,6.3572
2018-03-02,6.3454
2018-03-05,6.346
2018-03-06,6.3098
2018-03-07,6.3238
2018-03-08,6.3422
2018-03-09,6.3359
2018-03-12,6.3292
2018-03-13,6.3247
2018-03-14,6.3172
2018-03-15,6.322
2018-03-16,6.335
2018-03-19,6.3322
2018-03-20,6.3339
2018-03-21,6.3243
2018-03-22,6.335
2018-03-23,6.3172
2018-03-26,6.2775
2018-03-27,6.2831
2018-03-28,6.299
2018-03-29,6.2893
2018-03-30,6.2753
2018-04-02,6.2798
2018-04-03,6.2894
2018-04-04,6.3042
2018-04-09,6.307
2018-04-10,6.2813
2018-04-11,6.2685
2018-04-12,6.2931
2018-04-13,6.2752
2018-04-16,6.2775
2018-04-17,6.2837
2018-04-18,6.2745
2018-04-19,6.277
2018-04-20,6.2957
2018-04-23,6.3167
2018-04-24,6.3066
2018-04-25,6.3269
2018-04-26,6.3314
2018-04-27,6.332
2018-05-02,6.3624
2018-05-03,6.3537
2018-05-04,6.3625
2018-05-07,6.3667
2018-05-08,6.3695
2018-05-09,6.3624
2018-05-10,6.3491
2018-05-11,6.3329
2018-05-14,6.3394
2018-05-15,6.3779
2018-05-16,6.3715
2018-05-17,6.3678
2018-05-18,6.38
2018-05-21,6.3842
2018-05-22,6.3675
2018-05-23,6.3903
2018-05-24,6.3785
2018-05-25,6.3918
2018-05-28,6.3985
2018-05-29,6.4176
2018-05-30,6.4192
2018-05-31,6.4093
2018-06-01,6.4204
2018-06-04,6.41
2018-06-05,6.4066
2018-06-06,6.3887
2018-06-07,6.3922
2018-06-08,6.4067
2018-06-11,6.4017
2018-06-12,6.4027
2018-06-13,6.3993
2018-06-14,6.402
2018-06-15,6.437
2018-06-19,6.4852
2018-06-20,6.4738
2018-06-21,6.4932
2018-06-22,6.504
2018-06-25,6.54
2018-06-26,6.5811
2018-06-27,6.6053
2018-06-28,6.6271
2018-06-29,6.618
2018-07-02,6.6681
2018-07-03,6.6455
2018-07-04,6.6325
2018-07-05,6.6408
2018-07-06,6.642
2018-07-09,6.6145
2018-07-10,6.6341
2018-07-11,6.6785
2018-07-12,6.6705
2018-07-13,6.6912
2018-07-16,6.688
2018-07-17,6.7073
2018-07-18,6.7211
2018-07-19,6.7723
2018-07-20,6.7833
2018-07-23,6.7975
2018-07-24,6.7914
2018-07-25,6.7695
2018-07-26,6.793
2018-07-27,6.8133
2018-07-30,6.815
2018-07-31,6.817
2018-08-01,6.8114
2018-08-02,6.8422
2018-08-03,6.8327
2018-08-06,6.8487
2018-08-07,6.8308
2018-08-08,6.8339
2018-08-09,6.8208
2018-08-10,6.8458
2018-08-13,6.8903
2018-08-14,6.8842
2018-08-15,6.9347
2018-08-16,6.8823
2018-08-17,6.8775
2018-08-20,6.8577
2018-08-21,6.8476
2018-08-22,6.8421
2018-08-23,6.8777
2018-08-24,6.8185
2018-08-27,6.8156
2018-08-28,6.8027
2018-08-29,6.821
2018-08-30,6.8434
2018-08-31,6.8285
2018-09-03,6.8228
2018-09-04,6.8443
2018-09-05,6.8295
2018-09-06,6.8355
2018-09-07,6.8433
2018-09-10,6.8567
2018-09-11,6.873
2018-09-12,6.8625
2018-09-13,6.8453
2018-09-14,6.8664
2018-09-17,6.856
2018-09-18,6.8616
2018-09-19,6.8485
2018-09-20,6.8468
2018-09-21,6.8573
2018-09-24,6.8571
2018-09-25,6.866
2018-09-26,6.8784
2018-09-27,6.8902
2018-09-28,6.8688
2018-10-01,6.8689
2018-10-02,6.8689
2018-10-03,6.8689
2018-10-04,6.8689
2018-10-05,6.8689
2018-10-08,6.9303
2018-10-09,6.9228
2018-10-10,6.9242
2018-10-11,6.8919
2018-10-12,6.9227
2018-10-15,6.9187
2018-10-16,6.912
2018-10-17,6.9275
2018-10-18,6.9378
2018-10-19,6.929
2018-10-22,6.9474
2018-10-23,6.938
2018-10-24,6.9428
2018-10-25,6.949
2018-10-26,6.9435
2018-10-29,6.9625
2018-10-30,6.9672
2018-10-31,6.9757
2018-11-01,6.9235
2018-11-02,6.8925
2018-11-05,6.9265
2018-11-06,6.9181
2018-11-07,6.92
2018-11-08,6.9347
2018-11-09,6.9567
2018-11-12,6.9635
2018-11-13,6.9555
2018-11-14,6.9506
2018-11-15,6.9392
2018-11-16,6.9371
2018-11-19,6.9435
2018-11-20,6.9437
2018-11-21,6.9312
2018-11-22,6.932
2018-11-23,6.9485
2018-11-26,6.9413
2018-11-27,6.9525
2018-11-28,6.9539
2018-11-29,6.9427
2018-11-30,6.9565
2018-12-03,6.8831
2018-12-04,6.832
2018-12-05,6.8579
2018-12-06,6.8827
2018-12-07,6.8742
2018-12-10,6.9127
2018-12-11,6.8993
2018-12-12,6.88
2018-12-13,6.8833
2018-12-14,6.9077
2018-12-17,6.8972
2018-12-18,6.8961
2018-12-19,6.8913
2018-12-20,6.8838
2018-12-21,6.9057
2018-12-24,6.8991
2018-12-25,6.8872
2018-12-26,6.8854
2018-12-27,6.8663
2018-12-28,6.877
2018-12-31,6.8785
2019-01-02,6.8635
2019-01-03,6.8716
2019-01-04,6.8714
2019-01-07,6.851
2019-01-08,6.8532
2019-01-09,6.8165
2019-01-10,6.788
2019-01-11,6.7625
2019-01-14,6.7681
2019-01-15,6.7581
2019-01-16,6.7577
2019-01-17,6.7764
2019-01-18,6.7774
2019-01-21,6.7996
2019-01-22,6.8068
2019-01-23,6.7903
2019-01-24,6.7886
2019-01-25,6.7505
2019-01-28,6.7446
2019-01-29,6.7316
2019-01-30,6.715
2019-01-31,6.7012
2019-02-01,6.7399
2019-02-11,6.7923
2019-02-12,6.7716
2019-02-13,6.7604
2019-02-14,6.7713
2019-02-15,6.7711
2019-02-18,6.7667
2019-02-19,6.7594
2019-02-20,6.7193
2019-02-21,6.7235
2019-02-22,6.7127
2019-02-25,6.6904
2019-02-26,6.7012
2019-02-27,6.6832
2019-02-28,6.6942
2019-03-01,6.7051
2019-03-04,6.7073
2019-03-05,6.7076
2019-03-06,6.7102
2019-03-07,6.7166
2019-03-08,6.7201
2019-03-11,6.7261
2019-03-12,6.7096
2019-03-13,6.7071
2019-03-14,6.723
2019-03-15,6.7131
2019-03-18,6.7127
2019-03-19,6.7119
2019-03-20,6.6945
2019-03-21,6.6972
2019-03-22,6.7182
2019-03-25,6.7095
2019-03-26,6.7154
2019-03-27,6.7272
2019-03-28,6.739
2019-03-29,6.7117
2019-04-01,6.7134
2019-04-02,6.723
2019-04-03,6.7108
2019-04-04,6.717
2019-04-08,6.7167
2019-04-09,6.7111
2019-04-10,6.7168
2019-04-11,6.7194
2019-04-12,6.704
2019-04-15,6.7089
2019-04-16,6.7118
2019-04-17,6.6883
2019-04-18,6.708
2019-04-19,6.7042
2019-04-22,6.7121
2019-04-23,6.7253
2019-04-24,6.723
2019-04-25,6.743
2019-04-26,6.7287
2019-04-29,6.734
2019-04-30,6.7348
2019-05-01,6.7339
2019-05-02,6.7346
2019-05-03,6.7346
2019-05-06,6.7661
2019-05-07,6.7743
2019-05-08,6.7806
2019-05-09,6.8276
2019-05-10,6.8258
2019-05-13,6.8784
2019-05-14,6.8766
2019-05-15,6.8757
2019-05-16,6.8824
2019-05-17,6.9174
2019-05-20,6.9142
2019-05-21,6.9017
2019-05-22,6.906
2019-05-23,6.9127
2019-05-24,6.9
2019-05-27,6.8983
2019-05-28,6.9098
2019-05-29,6.9135
2019-05-30,6.9019
2019-05-31,6.9021
2019-06-03,6.9038
2019-06-04,6.9082
2019-06-05,6.908
2019-06-06,6.9097
2019-06-07,6.9085
2019-06-10,6.9312
2019-06-11,6.9114
2019-06-12,6.9177
2019-06-13,6.9234
2019-06-14,6.923
2020-01-15,6.8903
2020-01-16,6.8784
2020-01-17,6.8597
2020-01-20,6.8663
2020-01-21,6.9051
2020-01-22,6.9067
2020-01-23,6.9335
2020-02-03,7.0215
2020-02-04,6.9984
2020-02-05,6.9715
2020-02-06,6.9692
2020-02-07,7.0013
2020-02-10,6.9849
2020-02-11,6.9651
2020-02-12,6.971
2020-02-13,6.9745
2020-02-14,6.985
2020-02-17,6.9813
2020-02-18,6.9994
2020-02-19,6.9989
2020-02-20,7.0244
2020-02-21,7.0278
2020-02-24,7.0298
2020-02-25,7.0135
2020-02-26,7.0245
2020-02-27,7.0064
2020-02-28,6.9895
2020-03-02,6.9612
2020-03-03,6.969
2020-03-04,6.924
2020-03-05,6.9362
2020-03-06,6.9279
2020-03-09,6.9466
2020-03-10,6.9593
2020-03-11,6.9566
2020-03-12,7.0366
2020-03-13,7.0066
2020-03-16,6.9932
2020-03-17,7.0029
2020-03-18,7.0469
2020-03-19,7.1086
2020-03-20,7.097
2020-03-23,7.0861
2020-03-24,7.0639
2020-03-25,7.1134
2020-03-26,7.0751
2020-03-27,7.0975
2020-03-30,7.0994
2020-03-31,7.0832
2020-04-01,7.1
2020-04-02,7.0859
2020-04-03,7.0896
2020-04-07,7.0496
2020-04-08,7.0661
2020-04-09,7.0435
2020-04-10,7.036
2020-04-13,7.0528
2020-04-14,7.05
2020-04-15,7.0666
2020-04-16,7.0783
2020-04-17,7.0737
2020-04-20,7.0722
2020-04-21,7.0927
2020-04-22,7.0821
2020-04-23,7.0696
2020-04-24,7.0803
2020-04-27,7.0864
2020-04-28,7.0791
2020-04-29,7.0768
2020-04-30,7.0632
2020-05-06,7.1045
2020-05-07,7.0873
2020-05-08,7.0754
2020-05-11,7.0945
2020-05-12,7.0825
2020-05-13,7.0926
2020-05-14,7.0946
2020-05-15,7.1019
2020-05-18,7.1084
2020-05-19,7.0992
2020-05-20,7.0951
2020-05-21,7.1135
2020-05-22,7.1307
2020-05-25,7.1368
2020-05-26,7.1342
2020-05-27,7.1705
2020-05-28,7.1454
2020-05-29,7.1385
2020-06-01,7.1278
2020-06-02,7.101
2020-06-03,7.1184
2020-06-04,7.1083
2020-06-05,7.0865
2020-06-08,7.0702
2020-06-09,7.0777
2020-06-10,7.0605
2020-06-11,7.065
2020-06-12,7.0814
2020-06-15,7.0894
2020-06-16,7.0876
2020-06-17,7.0848
2020-06-18,7.0892
2020-06-19,7.0716
2020-06-22,7.0694
2020-06-23,7.0581
2020-06-24,7.0782
2020-06-29,7.0811
2020-06-30,7.0663
2020-07-01,7.0714
2020-07-02,7.0671
2020-07-03,7.0663
2020-07-06,7.0187
2020-07-07,7.0146
2020-07-08,7.0024
2020-07-09,6.9942
2020-07-10,6.999
2020-07-13,6.9974
2020-07-14,7.008
2020-07-15,6.989
2020-07-16,6.9902
2020-07-17,6.992
2020-07-20,6.9838
2020-07-21,6.9811
2020-07-22,6.9989
2020-07-23,7.0027
2020-07-24,7.0132
2020-07-27,6.9975
2020-07-28,7.0008
2020-07-29,7.0017
2020-07-30,7.0089
2020-07-31,6.9756
2020-08-03,6.983
2020-08-04,6.9734
2020-08-05,6.936
2020-08-06,6.9551
2020-08-07,6.9693
2020-08-10,6.9597
2020-08-11,6.9458
2020-08-12,6.9369
2020-08-13,6.9467
2020-08-14,6.9504
2020-08-17,6.9336
2020-08-18,6.9218
2020-08-19,6.9207
2020-08-20,6.916
2020-08-21,6.9175
2020-08-24,6.9184
2020-08-25,6.9125
2020-08-26,6.886
2020-08-27,6.8957
2020-08-28,6.866
2020-08-31,6.8453
2020-09-01,6.8283
2020-09-02,6.8389
2020-09-03,6.8461
2020-09-04,6.843
2020-09-07,6.8305
2020-09-08,6.8457
2020-09-09,6.8332
2020-09-10,6.8346
2020-09-11,6.8342
2020-09-14,6.8087
2020-09-15,6.7818
2020-09-16,6.7548
2020-09-17,6.766
2020-09-18,6.7706
2020-09-21,6.8046
2020-09-22,6.7797
2020-09-23,6.8091
2020-09-24,6.8287
2020-09-25,6.8263
2020-09-28,6.8124
2020-09-29,6.816
2020-09-30,6.789
2020-10-09,6.6933
2020-10-12,6.7459
2020-10-13,6.748
2020-10-14,6.7134
2020-10-15,6.7255
2020-10-16,6.6976
2020-10-19,6.6831
2020-10-20,6.6768
2020-10-21,6.6487
2020-10-22,6.6861
2020-10-23,6.6855
2020-10-26,6.71
2020-10-27,6.7048
2020-10-28,6.7295
2020-10-29,6.7113
2020-10-30,6.6861
2020-11-02,6.6894
2020-11-03,6.6784
2020-11-04,6.6561
2020-11-05,6.6037
2020-11-06,6.6136
2020-11-09,6.6188
2020-11-10,6.6161
2020-11-11,6.6318
2020-11-12,6.6184
2020-11-13,6.6052
2020-11-16,6.5842
2020-11-17,6.5568
2020-11-18,6.5605
2020-11-19,6.5838
2020-11-20,6.5628
2020-11-23,6.5772
2020-11-24,6.5926
2020-11-25,6.5791
2020-11-26,6.5756
2020-11-27,6.5777
2020-11-30,6.5809
2020-12-01,6.5722
2020-12-02,6.5644
2020-12-03,6.5427
2020-12-04,6.532
2020-12-07,6.5309
2020-12-08,6.5322
2020-12-09,6.543
2020-12-10,6.5424
2020-12-11,6.5473
2020-12-14,6.5466
2020-12-15,6.5389
2020-12-16,6.5346
2020-12-17,6.5342
2020-12-18,6.5398
2020-12-21,6.5497
2020-12-22,6.5433
2020-12-23,6.5386
2020-12-24,6.5301
2020-12-25,6.5427
2020-12-28,6.5375
2020-12-29,6.5318
2020-12-30,6.5233
2020-12-31,6.5319
2021-01-04,6.4602
2021-01-05,6.4587
2021-01-06,6.4613
2021-01-07,6.4789
2021-01-08,6.4717
2021-01-11,6.4822
2021-01-12,6.4655
2021-01-13,6.47
2021-01-14,6.4745
2021-01-15,6.4812
2021-01-18,6.4939
2021-01-19,6.482
2021-01-20,6.4656
2021-01-21,6.4637
2021-01-22,6.4815
2021-01-25,6.4789
2021-01-26,6.4646
2021-01-27,6.4837
2021-01-28,6.4495
2021-01-29,6.428
2021-02-01,6.4679
2021-02-02,6.4576
2021-02-03,6.4599
2021-02-04,6.4715
2021-02-05,6.4648
2021-02-08,6.4488
2021-02-09,6.4359
2021-02-10,6.4483
2021-02-18,6.488
2021-02-19,6.4541
2021-02-22,6.4646
2021-02-23,6.467
2021-02-24,6.4585
2021-02-25,6.4565
2021-02-26,6.4758
2021-03-01,6.4672
2021-03-02,6.4707
2021-03-03,6.4693
2021-03-04,6.4693
2021-03-05,6.4971
2021-03-08,6.5255
2021-03-09,6.5065
2021-03-10,6.5055
2021-03-11,6.4939
2021-03-12,6.5045
2021-03-15,6.4997
2021-03-16,6.5026
2021-03-17,6.504
2021-03-18,6.5087
2021-03-19,6.5094
2021-03-22,6.5092
2021-03-23,6.5169
2021-03-24,6.525
2021-03-25,6.5467
2021-03-26,6.5412
2021-03-29,6.5717
2021-03-30,6.572
2021-03-31,6.552
2021-04-01,6.5655
2021-04-02,6.5677
2021-04-06,6.5404
2021-04-07,6.5414
2021-04-08,6.5511
2021-04-09,6.5527
2021-04-12,6.5502
2021-04-13,6.5443
2021-04-14,6.5297
2021-04-15,6.522
2021-04-16,6.5206
2021-04-19,6.5098
2021-04-20,6.4962
2021-04-21,6.4909
2021-04-22,6.4901
2021-04-23,6.4955
2021-04-26,6.4855
2021-04-27,6.4833
2021-04-28,6.4805
2021-04-29,6.472
2021-04-30,6.4756
2021-05-06,6.4645
2021-05-07,6.4356
2021-05-10,6.4172
2021-05-11,6.4301
2021-05-12,6.457
2021-05-13,6.451
2021-05-14,6.4375
2021-05-17,6.4387
2021-05-18,6.4264
2021-05-19,6.436
2021-05-20,6.4342
2021-05-21,6.435
2021-05-24,6.4193
2021-05-25,6.4106
2021-05-26,6.3902
2021-05-27,6.3818
2021-05-28,6.3692
2021-05-31,6.3713
2021-06-01,6.3804
2021-06-02,6.381
2021-06-03,6.4033
2021-06-04,6.3942
2021-06-07,6.3974
2021-06-08,6.4005
2021-06-09,6.3875
2021-06-10,6.3937
2021-06-11,6.3981
2021-06-15,6.406
2021-06-16,6.3986
2021-06-17,6.4485
2021-06-18,6.4529
2021-06-21,6.4683
2021-06-22,6.4783
2021-06-23,6.4743
2021-06-24,6.4722
2021-06-25,6.4567
2021-06-28,6.457
2021-06-29,6.465
2021-06-30,6.457
2021-07-01,6.469
2021-07-02,6.4745
2021-07-05,6.4642
2021-07-06,6.4747
2021-07-07,6.473
2021-07-08,6.4903
2021-07-09,6.4789
2021-07-12,6.4769
2021-07-13,6.4699
2021-07-14,6.4623
2021-07-15,6.461
2021-07-16,6.4778
2021-07-19,6.489
2021-07-20,6.4847
2021-07-21,6.4668
2021-07-22,6.4707
2021-07-23,6.4814
2021-07-26,6.4826
2021-07-27,6.509
2021-07-28,6.4915
2021-07-29,6.4567
2021-07-30,6.4615
2021-08-02,6.4613
2021-08-03,6.4704
2021-08-04,6.465
2021-08-05,6.4614
2021-08-06,6.4842
2021-08-09,6.4874
2021-08-10,6.4856
2021-08-11,6.4802
2021-08-12,6.4795
2021-08-13,6.4779
2021-08-16,6.4747
2021-08-17,6.4867
2021-08-18,6.4833
2021-08-19,6.4948
2021-08-20,6.5016
2021-08-23,6.4823
2021-08-24,6.4703
2021-08-25,6.4764
2021-08-26,6.4828
2021-08-27,6.4722
2021-08-30,6.4672
2021-08-31,6.4609
2021-09-01,6.4596
2021-09-02,6.4563
2021-09-03,6.4337
2021-09-06,6.4584
2021-09-07,6.4661
2021-09-08,6.4617
2021-09-09,6.4554
2021-09-10,6.4426
2021-09-13,6.4514
2021-09-14,6.4396
2021-09-15,6.4318
2021-09-16,6.4568
2021-09-17,6.4661
2021-09-22,6.4623
2021-09-23,6.4567
2021-09-24,6.4661
2021-09-27,6.4577
2021-09-28,6.4604
2021-09-29,6.4713
2021-09-30,6.4462
2021-10-08,6.4443
2021-10-11,6.4505
2021-10-12,6.4484
2021-10-13,6.4278
2021-10-14,6.4397
2021-10-15,6.4357
2021-10-18,6.4299
2021-10-19,6.383
2021-10-20,6.3938
2021-10-21,6.3922
2021-10-22,6.3838
2021-10-25,6.3856
2021-10-26,6.3838
2021-10-27,6.3924
2021-10-28,6.3927
2021-10-29,6.4035
2021-11-01,6.3978
2021-11-02,6.4006
2021-11-03,6.4066
2021-11-04,6.3946
2021-11-05,6.4014
2021-11-08,6.3925
2021-11-09,6.393
2021-11-10,6.3872
2021-11-11,6.3911
2021-11-12,6.3804
2021-11-15,6.3826
2021-11-16,6.3959
2021-11-17,6.3786
2021-11-18,6.3861
2021-11-19,6.3871
2021-11-22,6.3851
2021-11-23,6.3918
2021-11-24,6.3917
2021-11-25,6.3861
2021-11-26,6.3933
2021-11-29,6.3879
2021-11-30,6.3658
2021-12-01,6.3679
2021-12-02,6.3771
2021-12-03,6.3763
2021-12-06,6.3766
2021-12-07,6.368
2021-12-08,6.3476
2021-12-09,6.378
2021-12-10,6.3721
2021-12-13,6.367
2021-12-14,6.3664
2021-12-15,6.3673
2021-12-16,6.3682
2021-12-17,6.3743
2021-12-20,6.3757
2021-12-21,6.3721
2021-12-22,6.37
2021-12-23,6.3712
2021-12-24,6.3676
2021-12-27,6.3721
2021-12-28,6.3685
2021-12-29,6.3685
2021-12-30,6.3728
2021-12-31,6.3558
2022-01-04,6.3736
2022-01-05,6.3646
2022-01-06,6.3837
2022-01-07,6.378
2022-01-10,6.3762
2022-01-11,6.3744
2022-01-12,6.3584
2022-01-13,6.3589
2022-01-14,6.3533
2022-01-17,6.3479
2022-01-18,6.3531
2022-01-19,6.3438
2022-01-20,6.3408
2022-01-21,6.3377
2022-01-24,6.3314
2022-01-25,6.3271
2022-01-26,6.3206
2022-01-27,6.3658
2022-01-28,6.3611
2022-02-07,6.3624
2022-02-08,6.3667
2022-02-09,6.3629
2022-02-10,6.3572
2022-02-11,6.3553
2022-02-14,6.3548
2022-02-15,6.3407
2022-02-16,6.3372
2022-02-17,6.3381
2022-02-18,6.3254
2022-02-21,6.3353
2022-02-22,6.3245
2022-02-23,6.3145
2022-02-24,6.3281
2022-02-25,6.3179
2022-02-28,6.311
2022-03-01,6.3079
2022-03-02,6.3216
2022-03-03,6.3198
2022-03-04,6.3179
2022-03-07,6.3193
2022-03-08,6.3178
2022-03-09,6.3182
2022-03-10,6.3221
2022-03-11,6.3392
2022-03-14,6.365
2022-03-15,6.3716
2022-03-16,6.3515
2022-03-17,6.3492
2022-03-18,6.3613
2022-03-21,6.3558
2022-03-22,6.3663
2022-03-23,6.3724
2022-03-24,6.3678
2022-03-25,6.3659
2022-03-28,6.372
2022-03-29,6.3643
2022-03-30,6.3475
2022-03-31,6.3393
2022-04-01,6.3628
2022-04-04,6.3625
2022-04-05,6.3625
2022-04-06,6.3599
2022-04-07,6.3585
2022-04-08,6.365
2022-04-11,6.3696
2022-04-12,6.3665
2022-04-13,6.3683
2022-04-14,6.3779
2022-04-15,6.3715
2022-04-18,6.3673
2022-04-19,6.3945
2022-04-20,6.4192
2022-04-21,6.4499
2022-04-22,6.4986
2022-04-25,6.5612
2022-04-26,6.5523
2022-04-27,6.5613
2022-04-28,6.6268
2022-04-29,6.6084
2022-05-05,6.6464
2022-05-06,6.6676
2022-05-09,6.7275
2022-05-10,6.7323
2022-05-11,6.721
2022-05-12,6.7847
2022-05-13,6.7889
2022-05-16,6.7859
2022-05-17,6.7377
2022-05-18,6.751
2022-05-19,6.716
2022-05-20,6.6932
2022-05-23,6.6498
2022-05-24,6.653
2022-05-25,6.6932
2022-05-26,6.7399
2022-05-27,6.7024
2022-05-30,6.6602
2022-05-31,6.6708
2022-06-01,6.6846
2022-06-02,6.6603
2022-06-06,6.654
2022-06-07,6.6702
2022-06-08,6.6835
2022-06-09,6.6939
2022-06-10,6.709
2022-06-13,6.7578
2022-06-14,6.7416
2022-06-15,6.715
2022-06-16,6.7061
2022-06-17,6.717
2022-06-20,6.6925
2022-06-21,6.6895
2022-06-22,6.7018
2022-06-23,6.6988
2022-06-24,6.6874
2022-06-27,6.6925
2022-06-28,6.7066
2022-06-29,6.7004
2022-06-30,6.7028
2022-07-01,6.7058
2022-07-04,6.7005
2022-07-05,6.723
2022-07-06,6.7105
2022-07-07,6.7005
2022-07-08,6.6931
2022-07-11,6.7157
2022-07-12,6.726
2022-07-13,6.7172
2022-07-14,6.7585
2022-07-15,6.7573
2022-07-18,6.742
2022-07-19,6.7442
2022-07-20,6.7553
2022-07-21,6.7665
2022-07-22,6.75
2022-07-25,6.7515
2022-07-26,6.7635
2022-07-27,6.7583
2022-07-28,6.7473
2022-07-29,6.747
2022-08-01,6.7669
2022-08-02,6.7582
2022-08-03,6.758
2022-08-04,6.7495
2022-08-05,6.7598
2022-08-08,6.7512
2022-08-09,6.7522
2022-08-10,6.7325
2022-08-11,6.744
2022-08-12,6.7428
2022-08-15,6.7733
2022-08-16,6.7865
2022-08-17,6.7812
2022-08-18,6.7873
2022-08-19,6.8175
2022-08-22,6.849
2022-08-23,6.8353
2022-08-24,6.8601
2022-08-25,6.8461
2022-08-26,6.8657
2022-08-29,6.9097
2022-08-30,6.9121
2022-08-31,6.891
2022-09-01,6.907
2022-09-02,6.9003
2022-09-05,6.9328
2022-09-06,6.9544
2022-09-07,6.9658
2022-09-08,6.9575
2022-09-09,6.924
2022-09-13,6.9319
2022-09-14,6.9605
2022-09-15,6.9949
2022-09-16,6.9871
2022-09-19,7.0051
2022-09-20,7.0198
2022-09-21,7.0503
2022-09-22,7.0745
2022-09-23,7.1284
2022-09-26,7.1502
2022-09-27,7.1759
2022-09-28,7.2004
2022-09-29,7.1292
2022-09-30,7.1137
2022-10-06,7.1135
2022-10-10,7.1562
2022-10-11,7.1688
2022-10-12,7.1791
2022-10-13,7.1921
2022-10-14,7.1916
2022-10-17,7.1925
2022-10-18,7.2024
2022-10-19,7.2269
2022-10-20,7.2198
2022-10-21,7.2329
2022-10-24,7.263
2022-10-25,7.2686
2022-10-26,7.1831
2022-10-27,7.2239
2022-10-28,7.253
2022-10-31,7.302
2022-11-01,7.2763
2022-11-02,7.29
2022-11-03,7.3075
2022-11-04,7.1849
2022-11-07,7.2295
2022-11-08,7.2521
2022-11-09,7.244
2022-11-10,7.1876
2022-11-11,7.0972
2022-11-14,7.074
2022-11-15,7.0463
2022-11-16,7.0982
2022-11-17,7.1624
2022-11-18,7.1221
2022-11-21,7.165
2022-11-22,7.1409
2022-11-23,7.161
2022-11-24,7.152
2022-11-25,7.1635
2022-11-28,7.2078
2022-11-29,7.1628
2022-11-30,7.0816
2022-12-01,7.0443
2022-12-02,7.0525
2022-12-05,6.9602
2022-12-06,6.9893
2022-12-07,6.9647
2022-12-08,6.9674
2022-12-09,6.956
2022-12-12,6.9775
2022-12-13,6.9517
2022-12-14,6.9512
2022-12-15,6.9695
2022-12-16,6.974
2022-12-19,6.9774
2022-12-20,6.961
2022-12-21,6.9817
2022-12-22,6.9854
2022-12-23,6.99
2022-12-26,6.9627
2022-12-27,6.9625
2022-12-28,6.9806
2022-12-29,6.9645
2022-12-30,6.8979
2023-01-03,6.8998
2023-01-04,6.8905
2023-01-05,6.8814
2023-01-06,6.8368
2023-01-09,6.828
2023-01-10,6.7799
2023-01-11,6.7698
2023-01-12,6.7385
2023-01-13,6.7105
2023-01-16,6.701
2023-01-17,6.7753
2023-01-18,6.7457
2023-01-19,6.7763
2023-01-20,6.7836
2023-01-23,6.784
2023-01-24,6.7842
2023-01-25,6.7731
2023-01-26,6.739
2023-01-27,6.7603
2023-01-30,6.7486
2023-01-31,6.755
2023-02-01,6.7437
2023-02-02,6.7326
2023-02-03,6.7773
2023-02-06,6.7895
2023-02-07,6.7895
2023-02-08,6.7899
2023-02-09,6.7749
2023-02-10,6.8072
2023-02-13,6.8245
2023-02-14,6.818
2023-02-15,6.8522
2023-02-16,6.8645
2023-02-17,6.8776
2023-02-20,6.8523
2023-02-21,6.8805
2023-02-22,6.8929
2023-02-23,6.8956
2023-02-24,6.9549
2023-02-27,6.9432
2023-02-28,6.9347
2023-03-01,6.8719
2023-03-02,6.915
2023-03-03,6.9094
2023-03-06,6.9319
2023-03-07,6.957
2023-03-08,6.952
2023-03-09,6.9611
2023-03-10,6.926
2023-03-13,6.8394
2023-03-14,6.8725
2023-03-15,6.9038
2023-03-16,6.8987
2023-03-17,6.8876
2023-03-20,6.8794
2023-03-21,6.876
2023-03-22,6.8819
2023-03-23,6.8222
2023-03-24,6.8694
2023-03-27,6.8852
2023-03-28,6.8763
2023-03-29,6.8872
2023-03-30,6.8735
2023-03-31,6.8704
2023-04-03,6.8796
2023-04-04,6.8765
2023-04-06,6.8757
2023-04-07,6.8705
2023-04-10,6.886
2023-04-11,6.888
2023-04-12,6.8773
2023-04-13,6.8689
2023-04-14,6.869
2023-04-17,6.8817
2023-04-18,6.8766
2023-04-19,6.8878
2023-04-20,6.8725
2023-04-21,6.8936
2023-04-24,6.8915
2023-04-25,6.9296
2023-04-26,6.9246
2023-04-27,6.9253
2023-04-28,6.915
2023-05-04,6.9117
2023-05-05,6.9118
2023-05-08,6.9094
2023-05-09,6.9207
2023-05-10,6.9332
2023-05-11,6.9474
2023-05-12,6.9572
2023-05-15,6.9589
2023-05-16,6.9787
2023-05-17,6.9968
2023-05-18,7.0399
2023-05-19,7.0179
2023-05-22,7.0121
2023-05-23,7.0499
2023-05-24,7.0574
2023-05-25,7.0755
2023-05-26,7.0652
2023-05-29,7.0644
2023-05-30,7.0804
2023-05-31,7.1092
2023-06-01,7.0967
2023-06-02,7.0815
2023-06-05,7.0986
2023-06-06,7.1216
2023-06-07,7.1244
2023-06-08,7.1132
2023-06-09,7.1282
2023-06-12,7.1305
2023-06-13,7.1547
2023-06-14,7.1485
2023-06-15,7.134
2023-06-16,7.1245
2023-06-19,7.1269
2023-06-20,7.1828
2023-06-21,7.1801
2023-06-26,7.2385
2023-06-27,7.2175
2023-06-28,7.2461
2023-06-29,7.244
2023-06-30,7.2568
2023-07-01,7.2538
2023-07-03,7.2409
2023-07-04,7.2132
2023-07-05,7.25
2023-07-06,7.2517
2023-07-07,7.2206
2023-07-08,7.2254
2023-07-10,7.2318
2023-07-11,7.2088
2023-07-12,7.1666
2023-07-13,7.1517
2023-07-14,7.1417
2023-07-15,7.142
2023-07-17,7.1725
2023-07-18,7.1754
2023-07-19,7.227
2023-07-20,7.1768
2023-07-21,7.1863
2023-07-22,7.188
2023-07-24,7.1876
2023-07-25,7.1357
2023-07-26,7.15
2023-07-27,7.1732
2023-07-28,7.1511
2023-07-31,7.1452
2023-08-01,7.1709
2023-08-02,7.194
2023-08-03,7.1704
2023-08-04,7.1717
2023-08-07,7.1918
2023-08-08,7.2184
2023-08-09,7.2083
2023-08-10,7.2148
2023-08-11,7.2324
2023-08-14,7.2629
2023-08-15,7.2817
2023-08-16,7.2947
2023-08-17,7.2924
2023-08-18,7.286
2023-08-21,7.2873
2023-08-22,7.2954
2023-08-23,7.2809
2023-08-24,7.2773
2023-08-25,7.2924
2023-08-28,7.2927
2023-08-29,7.2845
2023-08-30,7.2803
2023-08-31,7.2585
2023-09-01,7.2645
2023-09-04,7.2731
2023-09-05,7.3064
2023-09-06,7.3135
2023-09-07,7.3292
2023-09-08,7.3422
2023-09-11,7.2895
2023-09-12,7.2934
2023-09-13,7.2765
2023-09-14,7.2818
2023-09-15,7.2755
2023-09-18,7.2946
2023-09-19,7.2953
2023-09-20,7.2847
2023-09-21,7.3087
2023-09-22,7.299
2023-09-25,7.3117
2023-09-26,7.3102
2023-09-27,7.3108
2023-09-28,7.2988
2023-10-09,7.2913
2023-10-10,7.2957
2023-10-11,7.3
2023-10-12,7.3027
2023-10-13,7.305
2023-10-16,7.3113
2023-10-17,7.314
2023-10-18,7.3165
2023-10-19,7.3138
2023-10-20,7.3155
2023-10-23,7.3148
2023-10-24,7.3111
2023-10-25,7.3171
2023-10-26,7.3173
2023-10-27,7.3179
2023-10-30,7.3159
2023-10-31,7.3171
2023-11-01,7.3179
2023-11-02,7.315
2023-11-03,7.3046
2023-11-06,7.2703
2023-11-07,7.2869
2023-11-08,7.28
2023-11-09,7.2807
2023-11-10,7.2901
2023-11-13,7.2912
2023-11-14,7.2596
2023-11-15,7.2463
2023-11-16,7.2433
2023-11-17,7.2135
2023-11-20,7.173
2023-11-21,7.1282
2023-11-22,7.1623
2023-11-23,7.1467
2023-11-24,7.1502
2023-11-27,7.1527
2023-11-28,7.1472
2023-11-29,7.1303
2023-11-30,7.1369
2023-12-01,7.1428
2023-12-04,7.1394
2023-12-05,7.1439
2023-12-06,7.161
2023-12-07,7.153
2023-12-08,7.1676
2023-12-11,7.1784
2023-12-12,7.1762
2023-12-13,7.1738
2023-12-14,7.1152
2023-12-15,7.1183
2023-12-18,7.1357
2023-12-19,7.1292
2023-12-20,7.1365
2023-12-21,7.135
2023-12-22,7.132
2023-12-25,7.1363
2023-12-26,7.1438
2023-12-27,7.1467
2023-12-28,7.1083
2023-12-29,7.1006
2024-01-02,7.1391
2024-01-03,7.1498
2024-01-04,7.1601
2024-01-10,7.1711
2024-01-11,7.167
2024-01-12,7.164
2024-01-15,7.1749
2024-01-16,7.192
2024-01-17,7.1963
2024-01-18,7.196
2024-01-19,7.1939
2024-01-22,7.1948
2024-01-23,7.1707
2024-01-24,7.1522
2024-01-25,7.1676
2024-01-26,7.1761
2024-01-29,7.1808
2024-01-30,7.1771
2024-01-31,7.1678
2024-02-01,7.1819
2024-02-02,7.1919
2024-02-05,7.1985
2024-02-06,7.1919
2024-02-07,7.1944
2024-02-08,7.1967
2024-02-09,7.1937
2024-02-19,7.1983
2024-02-20,7.1909
2024-02-21,7.1898
2024-02-22,7.1938
2024-02-23,7.1972
2024-02-26,7.1975
2024-02-27,7.1979
2024-02-28,7.198
2024-02-29,7.1889
2024-03-01,7.1985
2024-03-04,7.1994
2024-03-05,7.199
2024-03-06,7.1985
2024-03-07,7.1949
2024-03-08,7.1868
2024-03-11,7.1833
2024-03-12,7.1814
2024-03-13,7.1888
2024-03-14,7.193
2024-03-15,7.1955
2024-03-18,7.1982
2024-03-19,7.1993
2024-03-20,7.1992
2024-03-21,7.1991
2024-03-22,7.2296
2024-03-25,7.2114
2024-03-26,7.2191
2024-03-27,7.2273
2024-03-28,7.2275
2024-03-29,7.2207
2024-04-01,7.2306
2024-04-02,7.233
2024-04-03,7.2355
2024-04-08,7.2309
2024-04-09,7.2311
2024-04-10,7.2342
2024-04-11,7.2374
2024-04-12,7.2375
2024-04-15,7.2387
2024-04-16,7.2386
2024-04-17,7.2391
2024-04-18,7.2384
2024-04-19,7.24
2024-04-22,7.2439
2024-04-23,7.2457
2024-04-24,7.2461
2024-04-25,7.2453
2024-04-26,7.2464
2024-04-29,7.2408
2024-04-30,7.2409
2024-05-06,7.2054
2024-05-07,7.2182
2024-05-08,7.2274
2024-05-09,7.221
2024-05-10,7.226
2024-05-13,7.2329
2024-05-14,7.2331
2024-05-15,7.2235
2024-05-16,7.2215
2024-05-17,7.2226
2024-05-20,7.2336
2024-05-21,7.2335
2024-05-22,7.2404
2024-05-23,7.2434
2024-05-24,7.243
2024-05-27,7.2438
2024-05-28,7.2453
2024-05-29,7.2494
2024-05-30,7.2345
2024-05-31,7.2423
2024-06-03,7.2431
2024-06-04,7.2411
2024-06-05,7.2476
2024-06-06,7.2455
2024-06-07,7.2466
2024-06-11,7.2545
2024-06-12,7.2398
2024-06-13,7.2515
2024-06-14,7.2557
2024-06-17,7.2561
2024-06-18,7.2545
2024-06-19,7.2572
2024-06-20,7.2605
2024-06-21,7.2609
2024-06-24,7.2579
2024-06-25,7.2629
2024-06-26,7.2666
2024-06-27,7.2685
2024-06-28,7.2666
2024-07-01,7.2683
2024-07-02,7.2712
2024-07-03,7.268
2024-07-04,7.2676
2024-07-05,7.2693
2024-07-08,7.2682
2024-07-09,7.2724
2024-07-10,7.2761
2024-07-11,7.2566
2024-07-12,7.2482
2024-07-15,7.2615
2024-07-16,7.2685
2024-07-17,7.2606
2024-07-18,7.2593
2024-07-19,7.2696
2024-07-22,7.2736
2024-07-23,7.2748
2024-07-24,7.2625
2024-07-25,7.2313
2024-07-26,7.246
2024-07-29,7.2599
2024-07-30,7.2507
2024-07-31,7.2185
2024-08-01,7.242
2024-08-02,7.1573
2024-08-05,7.129
2024-08-06,7.151
2024-08-07,7.175
2024-08-08,7.1741
2024-08-09,7.1647
2024-08-12,7.176
2024-08-13,7.1537
2024-08-14,7.1361
2024-08-15,7.174
2024-08-16,7.1655
2024-08-19,7.1385
2024-08-20,7.131
2024-08-21,7.135
2024-08-22,7.1445
2024-08-23,7.123
2024-08-26,7.121
2024-08-27,7.1237
2024-08-28,7.125
2024-08-29,7.0972
2024-08-30,7.087
2024-09-02,7.1177
2024-09-03,7.1201
2024-09-04,7.108
2024-09-05,7.0905
2024-09-06,7.0872
2024-09-09,7.112
2024-09-10,7.1212
2024-09-11,7.1185
2024-09-12,7.1165
2024-09-13,7.095
2024-09-18,7.0821
2024-09-19,7.0685
2024-09-20,7.0512
2024-09-23,7.0513
2024-09-24,7.0318
2024-09-25,7.0277
2024-09-26,7.0116
2024-09-27,7.011
2024-09-30,7.0175
2024-10-08,7.0536
2024-10-09,7.0808
2024-10-10,7.08
2024-10-11,7.0663
2024-10-14,7.084
2024-10-15,7.1191
2024-10-16,7.118
2024-10-17,7.1215
2024-10-18,7.1
2024-10-21,7.1138
2024-10-22,7.1218
2024-10-23,7.1252
2024-10-24,7.119
2024-10-25,7.1203
2024-10-28,7.126
2024-10-29,7.134
2024-10-30,7.1231
2024-10-31,7.1162
2024-11-01,7.1242
2024-11-04,7.0973
2024-11-05,7.1018
2024-11-06,7.179
2024-11-07,7.1419
2024-11-08,7.177
2024-11-11,7.206
2024-11-12,7.23
2024-11-13,7.221
2024-11-14,7.2282
2024-11-15,7.2315
2024-11-18,7.2403
2024-11-19,7.2388
2024-11-20,7.2464
2024-11-21,7.237
2024-11-22,7.2465
2024-11-25,7.2373
2024-11-26,7.2492
2024-11-27,7.2471
2024-11-28,7.244
2024-11-29,7.2436
2024-12-02,7.269
2024-12-03,7.284
2024-12-04,7.268
2024-12-05,7.255
2024-12-06,7.268
2024-12-09,7.261
2024-12-10,7.248
2024-12-11,7.262
2024-12-12,7.2666
2024-12-13,7.2756
2024-12-16,7.2825
2024-12-17,7.2852
2024-12-18,7.286
2024-12-19,7.296
2024-12-20,7.297
2024-12-23,7.2991
2024-12-24,7.295
2024-12-25,7.2981
2024-12-26,7.2987
2024-12-27,7.298
2024-12-30,7.2992
2024-12-31,7.2993
2025-01-02,7.2994
2025-01-03,7.3198
2025-01-06,7.321
2025-01-07,7.3247
2025-01-08,7.3316
2025-01-09,7.3321
2025-01-10,7.3326
2025-01-20,7.2708
2025-01-21,7.2759
2025-01-22,7.2692
2025-01-23,7.2874
2025-01-24,7.2467
2025-01-27,7.242
2025-02-05,7.2741
2025-02-06,7.2866
2025-02-07,7.2888
2025-02-10,7.3042
2025-02-11,7.307
2025-02-12,7.309
2025-02-13,7.2976
2025-02-14,7.2531
2025-02-17,7.2642
2025-02-18,7.2794
2025-02-19,7.2839
2025-02-20,7.252
2025-02-21,7.2491
2025-02-24,7.2471
2025-02-25,7.2529
2025-02-26,7.2605
2025-02-27,7.2835
2025-02-28,7.282
2025-03-03,7.2843
2025-03-04,7.2621
2025-03-05,7.241
2025-03-06,7.2366
2025-03-07,7.2336
2025-03-10,7.256
2025-03-11,7.2291
2025-03-12,7.239
2025-03-13,7.2431
2025-03-14,7.2355
2025-03-17,7.2271
2025-03-18,7.227
2025-03-19,7.2298
2025-03-20,7.2469
2025-03-21,7.2493
2025-03-24,7.258
2025-03-25,7.2563
2025-03-26,7.2675
2025-03-27,7.267
2025-03-28,7.2636
2025-03-31,7.257
2025-04-01,7.2697
2025-04-02,7.2669
2025-04-03,7.2761
2025-04-07,7.3095
2025-04-08,7.3386
2025-04-09,7.3497
2025-04-10,7.315
2025-04-11,7.2917
2025-04-14,7.308
2025-04-15,7.3145
2025-04-16,7.3029
2025-04-17,7.296
2025-04-18,7.3008
2025-04-21,7.2918
2025-04-22,7.3117
2025-04-23,7.2861
2025-04-24,7.2888
2025-04-25,7.287
2025-04-28,7.287
2025-04-29,7.269
2025-04-30,7.2705
2025-05-06,7.2163
2025-05-07,7.225
2025-05-08,7.2338
2025-05-09,7.2362
2025-05-12,7.2004
2025-05-13,7.2042
2025-05-14,7.2065
2025-05-15,7.2076
2025-05-16,7.209
2025-05-19,7.2144
2025-05-20,7.216
2025-05-21,7.2019
2025-05-22,7.2022
2025-05-23,7.1806
2025-05-26,7.1865
2025-05-27,7.195
2025-05-28,7.1945
2025-05-29,7.1861
2025-05-30,7.1993
2025-06-03,7.1872
2025-06-04,7.1783
2025-06-05,7.172
2025-06-06,7.19
2025-06-09,7.181
2025-06-10,7.1853
2025-06-11,7.1933
2025-06-12,7.1728
2025-06-13,7.1804
2025-06-16,7.179
2025-06-17,7.1849
2025-06-18,7.1875
2025-06-19,7.187
2025-06-20,7.1771
2025-06-23,7.18
2025-06-24,7.1721
2025-06-25,7.1762
2025-06-26,7.1677
2025-06-27,7.1709
2025-06-30,7.1638
2025-07-01,7.1645
2025-07-02,7.1651
2025-07-03,7.1675
2025-07-04,7.1642
2025-07-07,7.1736
2025-07-08,7.1803
2025-07-09,7.1794
2025-07-10,7.1778
2025-07-11,7.1686
2025-07-14,7.172
2025-07-15,7.1796
2025-07-16,7.1827
2025-07-17,7.1838
2025-07-18,7.1728
2025-07-21,7.17
2025-07-22,7.1709
2025-07-23,7.155
2025-07-24,7.1535
2025-07-25,7.1661
2025-07-28,7.177
2025-07-29,7.1761
2025-07-30,7.1911
2025-07-31,7.1994
2025-08-01,7.1881
2025-08-04,7.178
2025-08-05,7.1846
2025-08-06,7.1828
2025-08-07,7.181
2025-08-08,7.1845
2025-08-11,7.1856
2025-08-12,7.1838
2025-08-13,7.1741
2025-08-14,7.1784
2025-08-15,7.1817
2025-08-18,7.1856
2025-08-19,7.181
2025-08-20,7.175
2025-08-21,7.1795
2025-08-22,7.1689
2025-08-25,7.1501
2025-08-26,7.1557
2025-08-27,7.1581
2025-08-28,7.13
2025-08-29,7.1303
2025-09-01,7.1373
2025-09-02,7.1394
2025-09-03,7.1428
2025-09-04,7.1427
2025-09-05,7.1332
2025-09-08,7.1296
2025-09-09,7.1232
2025-09-10,7.1206
2025-09-11,7.119
2025-09-12,7.123
2025-09-15,7.119
2025-09-16,7.1145
2025-09-17,7.1035
2025-09-18,7.1106
2025-09-19,7.1145
2025-09-22,7.1131
2025-09-23,7.1115
2025-09-24,7.1313
2025-09-25,7.1322
2025-09-26,7.1341
2025-09-29,7.1212
2025-09-30,7.12
2025-10-09,7.127
2025-10-10,7.123
2025-10-13,7.13
2025-10-14,7.1382
2025-10-15,7.1268
2025-10-16,7.123
2025-10-17,7.1261
2025-10-20,7.1205
2025-10-21,7.1206
2025-10-22,7.127
2025-10-23,7.1221
2025-10-24,7.1228
2025-10-27,7.111
2025-10-28,7.0992
2025-10-29,7.099
2025-10-30,7.1105
2025-10-31,7.118
2025-11-03,7.1216
2025-11-04,7.129
2025-11-05,7.1264
2025-11-06,7.1199
2025-11-07,7.121
2025-11-10,7.1199
2025-11-11,7.117
2025-11-12,7.112
2025-11-13,7.0958
2025-11-14,7.097
2025-11-17,7.1078
2025-11-18,7.1078
2025-11-19,7.1107
2025-11-20,7.1089
2025-11-21,7.1068
2025-11-24,7.1032
2025-11-25,7.0848
2025-11-26,7.0772
2025-11-27,7.0811
2025-11-28,7.0748
2025-12-01,7.071
2025-12-02,7.0697
2025-12-03,7.0637
2025-12-04,7.0704
2025-12-05,7.0708
2025-12-08,7.068
2025-12-09,7.0633
2025-12-10,7.0645
2025-12-11,7.0571
2025-12-12,7.0546
2025-12-15,7.047
2025-12-16,7.0416
2025-12-17,7.0432
2025-12-18,7.0406
2025-12-19,7.0409
2025-12-22,7.0367
2025-12-23,7.028
2025-12-24,7.0138
2025-12-25,7.0059
2025-12-26,7.0065
2025-12-29,7.006
2025-12-30,6.9944
2025-12-31,6.9876
2026-01-05,6.9877
2026-01-06,6.981
2026-01-07,6.9888
2026-01-08,6.9836
2026-01-09,6.9772
2026-01-12,6.973
2026-01-13,6.9746
2026-01-14,6.9726
2026-01-15,6.9671
2026-01-16,6.9682
2026-01-19,6.9633
2026-01-20,6.9609
2026-01-21,6.9635
2026-01-22,6.9718
2026-01-23,6.9636
2026-01-26,6.955
2026-01-27,6.9545
2026-01-28,6.9456
2026-01-29,6.949
2026-01-30,6.952
2026-02-02,6.9433
2026-02-03,6.9376
2026-02-04,6.9396
2026-02-05,6.9379
2026-02-06,6.9359
2026-02-09,6.9208
2026-02-10,6.9101
2026-02-11,6.9123
2026-02-12,6.9002
2026-02-13,6.9031
2026-02-24,6.884
2026-02-25,6.8635
2026-02-26,6.8406
2026-02-27,6.861
2026-03-02,6.9
2026-03-03,6.918
2026-03-04,6.896
2026-03-05,6.9033
2026-03-06,6.9025
2026-03-09,6.914
2026-03-10,6.8624
2026-03-11,6.8661
2026-03-12,6.8773
2026-03-13,6.8932
2026-03-16,6.8864
2026-03-17,6.8815
2026-03-18,6.8864
2026-03-19,6.8956
2026-03-20,6.9021
2026-03-23,6.8788
2026-03-24,6.8918
2026-03-25,6.9005
2026-03-26,6.9096
2026-03-27,6.9113
2026-03-30,6.9125
2026-03-31,6.8933
2026-04-01,6.8715
2026-04-02,6.8884
2026-04-03,6.8824
2026-04-07,6.862
2026-04-08,6.8282
2026-04-09,6.8368
2026-04-10,6.8278
2026-04-13,6.8303
2026-04-14,6.8156
2026-04-15,6.8195
2026-04-16,6.8228
2026-04-17,6.8169
2026-04-20,6.8174
2026-04-21,6.8185
2026-04-22,6.825
2026-04-23,6.829
2026-04-24,6.8324
2026-04-27,6.8245
2026-04-28,6.8387
2026-04-29,6.8373
2026-04-30,6.8266
2026-05-06,6.8123
2026-05-07,6.8013
2026-05-08,6.8006
2026-05-11,6.7948
2026-05-12,6.7932
2026-05-13,6.7906
2026-05-14,6.7852
2026-05-15,6.8093
2026-05-18,6.7999
2026-05-19,6.8118
2026-05-20,6.8005
2026-05-21,6.8025
2026-05-22,6.795
2026-05-25,6.7836
2026-05-26,6.7846
2026-05-27,6.7782
2026-05-28,6.7759
2026-05-29,6.7662
2026-06-01,6.767
2026-06-02,6.7621
2026-06-03,6.7741
2026-06-04,6.7731
2026-06-05,6.7815
2026-06-08,6.7825
2026-06-09,6.7709
2026-06-10,6.7756
2026-06-11,6.7755
2026-06-12,6.7626
2026-06-15,6.7568
2026-06-16,6.757
2026-06-17,6.7575
2026-06-18,6.7692
2026-06-22,6.775
2026-06-23,6.7893
2026-06-24,6.8112
2026-06-25,6.7965
2026-06-26,6.7993
2026-06-29,6.7973
2026-06-30,6.7854
2026-07-01,6.7896
2026-07-02,6.7845
2026-07-03,6.7803
2026-07-06,6.7942
2026-07-07,6.7934
2026-07-08,6.8025
2026-07-09,6.7934
2026-07-10,6.7772
2026-07-13,6.7796
2026-07-14,6.77
2026-07-15,6.7682
2026-07-16,6.7728
2026-07-17,6.7767
2026-07-20,6.768
2026-07-21,6.767
2026-07-22,6.7725
2026-07-23,6.7751
2026-07-24,6.7721
2026-07-27,6.7645
2026-07-28,6.7681
2026-07-29,6.7678
2026-07-30,6.753
2026-07-31,6.7528
2026-08-03,6.7563
2026-08-04,6.747
2026-08-05,6.7485
2026-08-06,6.7482
2026-08-07,6.7454
2026-08-10,6.7452
2026-08-11,6.7445
2026-08-12,6.7418
2026-08-13,6.7422
2026-08-14,6.7414
2026-08-17,6.7397
2026-08-18,6.7426
2026-08-19,6.7288
2026-08-20,6.723
2026-08-21,6.721
2026-08-24,6.7224
2026-08-25,6.7203
2026-08-26,6.7227
2026-08-27,6.7198
2026-08-28,6.7231
2026-08-31,6.7202
2026-09-01,6.7202
2026-09-02,6.719
2026-09-03,6.719
2026-09-04,6.7108
